[Al(24.10 wgt%),Fe(75.90 wgt%),Σ=100.00,6.6 g/cc]	Pure aluminum	Aluminum	Iron	62.5	20	Al K-L3	0.124	0.140789
[Al(24.10 wgt%),Fe(75.90 wgt%),Σ=100.00,6.6 g/cc]	Pure aluminum	Aluminum	Iron	52.5	25	Al K-L3	0.098	0.105555
[Al(24.10 wgt%),Fe(75.90 wgt%),Σ=100.00,6.6 g/cc]	Pure aluminum	Aluminum	Iron	52.5	30	Al K-L3	0.083	0.083893
[Al(24.10 wgt%),Fe(75.90 wgt%),Σ=100.00,6.6 g/cc]	Pure iron	Iron	Aluminum	52.5	20	Fe K-L3	0.736	0.73948
[Al(24.10 wgt%),Fe(75.90 wgt%),Σ=100.00,6.6 g/cc]	Pure iron	Iron	Aluminum	52.5	25	Fe K-L3	0.742	0.742132
[Al(24.10 wgt%),Fe(75.90 wgt%),Σ=100.00,6.6 g/cc]	Pure iron	Iron	Aluminum	52.5	30	Fe K-L3	0.748	0.745874
[S(53.40 wgt%),Fe(46.60 wgt%),Σ=100.00,4.7 g/cc]	Pure iron	Iron	Sulfur	75	10	Fe K-L3	0.406	0.423428
[S(53.40 wgt%),Fe(46.60 wgt%),Σ=100.00,4.7 g/cc]	Pure iron	Iron	Sulfur	75	12	Fe K-L3	0.421	0.424438
[S(53.40 wgt%),Fe(46.60 wgt%),Σ=100.00,4.7 g/cc]	Pure iron	Iron	Sulfur	75	15	Fe K-L3	0.425	0.427996
[S(53.40 wgt%),Fe(46.60 wgt%),Σ=100.00,4.7 g/cc]	Pure iron	Iron	Sulfur	75	20	Fe K-L3	0.425	0.427849
[S(53.40 wgt%),Fe(46.60 wgt%),Σ=100.00,4.7 g/cc]	Pure iron	Iron	Sulfur	75	25	Fe K-L3	0.422	0.430578
[S(53.40 wgt%),Fe(46.60 wgt%),Σ=100.00,4.7 g/cc]	Pure iron	Iron	Sulfur	75	30	Fe K-L3	0.419	0.430474
[B(44.49 wgt%),Al(55.51 wgt%),Σ=100.00,2.6 g/cc]	Pure aluminum	Aluminum	Boron	40	4	Al K-L3	0.515	0.519956
[B(44.49 wgt%),Al(55.51 wgt%),Σ=100.00,2.6 g/cc]	Pure aluminum	Aluminum	Boron	40	6	Al K-L3	0.5178	0.526892
[B(44.49 wgt%),Al(55.51 wgt%),Σ=100.00,2.6 g/cc]	Pure aluminum	Aluminum	Boron	40	8	Al K-L3	0.5188	0.530895
[B(44.49 wgt%),Al(55.51 wgt%),Σ=100.00,2.6 g/cc]	Pure aluminum	Aluminum	Boron	40	10	Al K-L3	0.52	0.533335
[B(44.49 wgt%),Al(55.51 wgt%),Σ=100.00,2.6 g/cc]	Pure aluminum	Aluminum	Boron	40	12	Al K-L3	0.5198	0.534138
[B(44.49 wgt%),Al(55.51 wgt%),Σ=100.00,2.6 g/cc]	Pure aluminum	Aluminum	Boron	40	15	Al K-L3	0.517	0.535464
[B(44.49 wgt%),Al(55.51 wgt%),Σ=100.00,2.6 g/cc]	Pure aluminum	Aluminum	Boron	40	20	Al K-L3	0.513	0.537752
[B(44.49 wgt%),Al(55.51 wgt%),Σ=100.00,2.6 g/cc]	Pure aluminum	Aluminum	Boron	40	25	Al K-L3	0.508	0.535448
[B(44.49 wgt%),Al(55.51 wgt%),Σ=100.00,2.6 g/cc]	Pure aluminum	Aluminum	Boron	40	30	Al K-L3	0.503	0.535369
[B(82.78 wgt%),Al(17.22 wgt%),Σ=100.00,2.6 g/cc]	Pure aluminum	Aluminum	Boron	40	4	Al K-L3	0.15	0.152169
[B(82.78 wgt%),Al(17.22 wgt%),Σ=100.00,2.6 g/cc]	Pure aluminum	Aluminum	Boron	40	6	Al K-L3	0.1502	0.156253
[B(82.78 wgt%),Al(17.22 wgt%),Σ=100.00,2.6 g/cc]	Pure aluminum	Aluminum	Boron	40	8	Al K-L3	0.1503	0.158043
[B(82.78 wgt%),Al(17.22 wgt%),Σ=100.00,2.6 g/cc]	Pure aluminum	Aluminum	Boron	40	10	Al K-L3	0.1503	0.159075
[B(82.78 wgt%),Al(17.22 wgt%),Σ=100.00,2.6 g/cc]	Pure aluminum	Aluminum	Boron	40	12	Al K-L3	0.1503	0.160132
[B(82.78 wgt%),Al(17.22 wgt%),Σ=100.00,2.6 g/cc]	Pure aluminum	Aluminum	Boron	40	15	Al K-L3	0.1504	0.160828
[B(82.78 wgt%),Al(17.22 wgt%),Σ=100.00,2.6 g/cc]	Pure aluminum	Aluminum	Boron	40	20	Al K-L3	0.1495	0.161082
[B(82.78 wgt%),Al(17.22 wgt%),Σ=100.00,2.6 g/cc]	Pure aluminum	Aluminum	Boron	40	25	Al K-L3	0.149	0.160618
[B(82.78 wgt%),Al(17.22 wgt%),Σ=100.00,2.6 g/cc]	Pure aluminum	Aluminum	Boron	40	30	Al K-L3	0.1455	0.159112
[B(52.20 wgt%),Si(47.80 wgt%),Σ=100.00,2.5 g/cc]	Pure silicon	Silicon	Boron	40	4	Si K-L3	0.4465	0.447598
[B(52.20 wgt%),Si(47.80 wgt%),Σ=100.00,2.5 g/cc]	Pure silicon	Silicon	Boron	40	6.6	Si K-L3	0.4528	0.458393
[B(52.20 wgt%),Si(47.80 wgt%),Σ=100.00,2.5 g/cc]	Pure silicon	Silicon	Boron	40	8	Si K-L3	0.458	0.461173
[B(52.20 wgt%),Si(47.80 wgt%),Σ=100.00,2.5 g/cc]	Pure silicon	Silicon	Boron	40	10	Si K-L3	0.4622	0.465707
[B(52.20 wgt%),Si(47.80 wgt%),Σ=100.00,2.5 g/cc]	Pure silicon	Silicon	Boron	40	12	Si K-L3	0.4658	0.468213
[B(52.20 wgt%),Si(47.80 wgt%),Σ=100.00,2.5 g/cc]	Pure silicon	Silicon	Boron	40	15	Si K-L3	0.4696	0.471335
[B(52.20 wgt%),Si(47.80 wgt%),Σ=100.00,2.5 g/cc]	Pure silicon	Silicon	Boron	40	20	Si K-L3	0.4738	0.47912
[B(52.20 wgt%),Si(47.80 wgt%),Σ=100.00,2.5 g/cc]	Pure silicon	Silicon	Boron	40	25	Si K-L3	0.4758	0.480864
[B(52.20 wgt%),Si(47.80 wgt%),Σ=100.00,2.5 g/cc]	Pure silicon	Silicon	Boron	40	30	Si K-L3	0.476	0.485176
[B(68.57 wgt%),Si(31.43 wgt%),Σ=100.00,2.5 g/cc]	Pure silicon	Silicon	Boron	40	4	Si K-L3	0.29	0.288818
[B(68.57 wgt%),Si(31.43 wgt%),Σ=100.00,2.5 g/cc]	Pure silicon	Silicon	Boron	40	6	Si K-L3	0.294	0.295874
[B(68.57 wgt%),Si(31.43 wgt%),Σ=100.00,2.5 g/cc]	Pure silicon	Silicon	Boron	40	8	Si K-L3	0.2978	0.299453
[B(68.57 wgt%),Si(31.43 wgt%),Σ=100.00,2.5 g/cc]	Pure silicon	Silicon	Boron	40	10	Si K-L3	0.3002	0.303589
[B(68.57 wgt%),Si(31.43 wgt%),Σ=100.00,2.5 g/cc]	Pure silicon	Silicon	Boron	40	12	Si K-L3	0.3036	0.305054
[B(68.57 wgt%),Si(31.43 wgt%),Σ=100.00,2.5 g/cc]	Pure silicon	Silicon	Boron	40	15	Si K-L3	0.3072	0.308936
[B(68.57 wgt%),Si(31.43 wgt%),Σ=100.00,2.5 g/cc]	Pure silicon	Silicon	Boron	40	20	Si K-L3	0.312	0.314151
[B(68.57 wgt%),Si(31.43 wgt%),Σ=100.00,2.5 g/cc]	Pure silicon	Silicon	Boron	40	25	Si K-L3	0.314	0.316777
[B(68.57 wgt%),Si(31.43 wgt%),Σ=100.00,2.5 g/cc]	Pure silicon	Silicon	Boron	40	30	Si K-L3	0.3156	0.319619
[B(16.78 wgt%),Ti(83.22 wgt%),Σ=100.00,4.2 g/cc]	Pure titanium	Titanium	Boron	40	6	Ti K-L3	0.7922	0.78748
[B(16.78 wgt%),Ti(83.22 wgt%),Σ=100.00,4.2 g/cc]	Pure titanium	Titanium	Boron	40	8	Ti K-L3	0.7937	0.797948
[B(16.78 wgt%),Ti(83.22 wgt%),Σ=100.00,4.2 g/cc]	Pure titanium	Titanium	Boron	40	10	Ti K-L3	0.7942	0.802733
[B(16.78 wgt%),Ti(83.22 wgt%),Σ=100.00,4.2 g/cc]	Pure titanium	Titanium	Boron	40	12	Ti K-L3	0.796	0.808131
[B(16.78 wgt%),Ti(83.22 wgt%),Σ=100.00,4.2 g/cc]	Pure titanium	Titanium	Boron	40	15	Ti K-L3	0.7978	0.814395
[B(16.78 wgt%),Ti(83.22 wgt%),Σ=100.00,4.2 g/cc]	Pure titanium	Titanium	Boron	40	20	Ti K-L3	0.8012	0.813549
[B(16.78 wgt%),Ti(83.22 wgt%),Σ=100.00,4.2 g/cc]	Pure titanium	Titanium	Boron	40	25	Ti K-L3	0.8042	0.822347
[B(16.78 wgt%),Ti(83.22 wgt%),Σ=100.00,4.2 g/cc]	Pure titanium	Titanium	Boron	40	30	Ti K-L3	0.8077	0.826449
[B(30.07 wgt%),Ti(69.93 wgt%),Σ=100.00,3.9 g/cc]	Pure titanium	Titanium	Boron	40	6	Ti K-L3	0.633	0.633521
[B(30.07 wgt%),Ti(69.93 wgt%),Σ=100.00,3.9 g/cc]	Pure titanium	Titanium	Boron	40	8	Ti K-L3	0.64	0.649997
[B(30.07 wgt%),Ti(69.93 wgt%),Σ=100.00,3.9 g/cc]	Pure titanium	Titanium	Boron	40	10	Ti K-L3	0.6462	0.653241
[B(30.07 wgt%),Ti(69.93 wgt%),Σ=100.00,3.9 g/cc]	Pure titanium	Titanium	Boron	40	12	Ti K-L3	0.6513	0.664992
[B(30.07 wgt%),Ti(69.93 wgt%),Σ=100.00,3.9 g/cc]	Pure titanium	Titanium	Boron	40	15	Ti K-L3	0.6578	0.670878
[B(30.07 wgt%),Ti(69.93 wgt%),Σ=100.00,3.9 g/cc]	Pure titanium	Titanium	Boron	40	20	Ti K-L3	0.6662	0.677549
[B(30.07 wgt%),Ti(69.93 wgt%),Σ=100.00,3.9 g/cc]	Pure titanium	Titanium	Boron	40	25	Ti K-L3	0.6738	0.684729
[B(30.07 wgt%),Ti(69.93 wgt%),Σ=100.00,3.9 g/cc]	Pure titanium	Titanium	Boron	40	30	Ti K-L3	0.6782	0.693804
[B(28.40 wgt%),V(71.60 wgt%),Σ=100.00,5 g/cc]	Pure vanadium	Vanadium	Boron	40	6	V K-L3	0.6378	0.637535
[B(28.40 wgt%),V(71.60 wgt%),Σ=100.00,5 g/cc]	Pure vanadium	Vanadium	Boron	40	8	V K-L3	0.65	0.658394
[B(28.40 wgt%),V(71.60 wgt%),Σ=100.00,5 g/cc]	Pure vanadium	Vanadium	Boron	40	10	V K-L3	0.6602	0.667062
[B(28.40 wgt%),V(71.60 wgt%),Σ=100.00,5 g/cc]	Pure vanadium	Vanadium	Boron	40	12	V K-L3	0.6681	0.674203
[B(28.40 wgt%),V(71.60 wgt%),Σ=100.00,5 g/cc]	Pure vanadium	Vanadium	Boron	40	15	V K-L3	0.677	0.680712
[B(28.40 wgt%),V(71.60 wgt%),Σ=100.00,5 g/cc]	Pure vanadium	Vanadium	Boron	40	20	V K-L3	0.6878	0.689438
[B(28.40 wgt%),V(71.60 wgt%),Σ=100.00,5 g/cc]	Pure vanadium	Vanadium	Boron	40	25	V K-L3	0.6939	0.697941
[B(28.40 wgt%),V(71.60 wgt%),Σ=100.00,5 g/cc]	Pure vanadium	Vanadium	Boron	40	30	V K-L3	0.6977	0.704967
[B(16.80 wgt%),Cr(83.20 wgt%),Σ=100.00,6.4 g/cc]	Pure chromium	Chromium	Boron	40	8	Cr K-L3	0.7758	0.790906
[B(16.80 wgt%),Cr(83.20 wgt%),Σ=100.00,6.4 g/cc]	Pure chromium	Chromium	Boron	40	10	Cr K-L3	0.784	0.7972
[B(16.80 wgt%),Cr(83.20 wgt%),Σ=100.00,6.4 g/cc]	Pure chromium	Chromium	Boron	40	12	Cr K-L3	0.7905	0.804232
[B(16.80 wgt%),Cr(83.20 wgt%),Σ=100.00,6.4 g/cc]	Pure chromium	Chromium	Boron	40	15	Cr K-L3	0.7981	0.804602
[B(16.80 wgt%),Cr(83.20 wgt%),Σ=100.00,6.4 g/cc]	Pure chromium	Chromium	Boron	40	20	Cr K-L3	0.807	0.809838
[B(16.80 wgt%),Cr(83.20 wgt%),Σ=100.00,6.4 g/cc]	Pure chromium	Chromium	Boron	40	25	Cr K-L3	0.8122	0.82391
[B(16.80 wgt%),Cr(83.20 wgt%),Σ=100.00,6.4 g/cc]	Pure chromium	Chromium	Boron	40	30	Cr K-L3	0.8156	0.821225
[B(27.31 wgt%),Cr(72.69 wgt%),Σ=100.00,5.9 g/cc]	Pure chromium	Chromium	Boron	40	8	Cr K-L3	0.623	0.669144
[B(27.31 wgt%),Cr(72.69 wgt%),Σ=100.00,5.9 g/cc]	Pure chromium	Chromium	Boron	40	10	Cr K-L3	0.6374	0.679295
[B(27.31 wgt%),Cr(72.69 wgt%),Σ=100.00,5.9 g/cc]	Pure chromium	Chromium	Boron	40	12	Cr K-L3	0.648	0.684364
[B(27.31 wgt%),Cr(72.69 wgt%),Σ=100.00,5.9 g/cc]	Pure chromium	Chromium	Boron	40	15	Cr K-L3	0.6603	0.689726
[B(27.31 wgt%),Cr(72.69 wgt%),Σ=100.00,5.9 g/cc]	Pure chromium	Chromium	Boron	40	20	Cr K-L3	0.6738	0.698237
[B(27.31 wgt%),Cr(72.69 wgt%),Σ=100.00,5.9 g/cc]	Pure chromium	Chromium	Boron	40	25	Cr K-L3	0.681	0.709067
[B(27.31 wgt%),Cr(72.69 wgt%),Σ=100.00,5.9 g/cc]	Pure chromium	Chromium	Boron	40	30	Cr K-L3	0.685	0.713723
[B(8.82 wgt%),Fe(91.18 wgt%),Σ=100.00,7.4 g/cc]	Pure iron	Iron	Boron	40	8	Fe K-L3	0.868	0.881768
[B(8.82 wgt%),Fe(91.18 wgt%),Σ=100.00,7.4 g/cc]	Pure iron	Iron	Boron	40	10	Fe K-L3	0.873	0.888142
[B(8.82 wgt%),Fe(91.18 wgt%),Σ=100.00,7.4 g/cc]	Pure iron	Iron	Boron	40	12	Fe K-L3	0.8764	0.893184
[B(8.82 wgt%),Fe(91.18 wgt%),Σ=100.00,7.4 g/cc]	Pure iron	Iron	Boron	40	15	Fe K-L3	0.8821	0.896782
[B(8.82 wgt%),Fe(91.18 wgt%),Σ=100.00,7.4 g/cc]	Pure iron	Iron	Boron	40	20	Fe K-L3	0.8888	0.897504
[B(8.82 wgt%),Fe(91.18 wgt%),Σ=100.00,7.4 g/cc]	Pure iron	Iron	Boron	40	25	Fe K-L3	0.894	0.903321
[B(8.82 wgt%),Fe(91.18 wgt%),Σ=100.00,7.4 g/cc]	Pure iron	Iron	Boron	40	30	Fe K-L3	0.897	0.907615
[B(16.22 wgt%),Fe(83.78 wgt%),Σ=100.00,7 g/cc]	Pure iron	Iron	Boron	40	8	Fe K-L3	0.7823	0.78837
[B(16.22 wgt%),Fe(83.78 wgt%),Σ=100.00,7 g/cc]	Pure iron	Iron	Boron	40	10	Fe K-L3	0.7922	0.799553
[B(16.22 wgt%),Fe(83.78 wgt%),Σ=100.00,7 g/cc]	Pure iron	Iron	Boron	40	12	Fe K-L3	0.8002	0.806023
[B(16.22 wgt%),Fe(83.78 wgt%),Σ=100.00,7 g/cc]	Pure iron	Iron	Boron	40	15	Fe K-L3	0.8098	0.810119
[B(16.22 wgt%),Fe(83.78 wgt%),Σ=100.00,7 g/cc]	Pure iron	Iron	Boron	40	20	Fe K-L3	0.8203	0.818105
[B(16.22 wgt%),Fe(83.78 wgt%),Σ=100.00,7 g/cc]	Pure iron	Iron	Boron	40	25	Fe K-L3	0.828	0.824877
[B(16.22 wgt%),Fe(83.78 wgt%),Σ=100.00,7 g/cc]	Pure iron	Iron	Boron	40	30	Fe K-L3	0.833	0.825552
[B(8.40 wgt%),Co(91.60 wgt%),Σ=100.00,8.2 g/cc]	Pure cobalt	Cobalt	Boron	40	10	Co K-L3	0.866	0.889119
[B(8.40 wgt%),Co(91.60 wgt%),Σ=100.00,8.2 g/cc]	Pure cobalt	Cobalt	Boron	40	12	Co K-L3	0.8832	0.894066
[B(8.40 wgt%),Co(91.60 wgt%),Σ=100.00,8.2 g/cc]	Pure cobalt	Cobalt	Boron	40	15	Co K-L3	0.898	0.897154
[B(8.40 wgt%),Co(91.60 wgt%),Σ=100.00,8.2 g/cc]	Pure cobalt	Cobalt	Boron	40	20	Co K-L3	0.9101	0.904561
[B(8.40 wgt%),Co(91.60 wgt%),Σ=100.00,8.2 g/cc]	Pure cobalt	Cobalt	Boron	40	25	Co K-L3	0.912	0.902403
[B(8.40 wgt%),Co(91.60 wgt%),Σ=100.00,8.2 g/cc]	Pure cobalt	Cobalt	Boron	40	30	Co K-L3	0.9078	0.909566
[B(15.50 wgt%),Co(84.50 wgt%),Σ=100.00,7.8 g/cc]	Pure cobalt	Cobalt	Boron	40	10	Co K-L3	0.7823	0.80221
[B(15.50 wgt%),Co(84.50 wgt%),Σ=100.00,7.8 g/cc]	Pure cobalt	Cobalt	Boron	40	12	Co K-L3	0.7939	0.806456
[B(15.50 wgt%),Co(84.50 wgt%),Σ=100.00,7.8 g/cc]	Pure cobalt	Cobalt	Boron	40	15	Co K-L3	0.8058	0.814734
[B(15.50 wgt%),Co(84.50 wgt%),Σ=100.00,7.8 g/cc]	Pure cobalt	Cobalt	Boron	40	20	Co K-L3	0.818	0.823641
[B(15.50 wgt%),Co(84.50 wgt%),Σ=100.00,7.8 g/cc]	Pure cobalt	Cobalt	Boron	40	25	Co K-L3	0.8244	0.826164
[B(15.50 wgt%),Co(84.50 wgt%),Σ=100.00,7.8 g/cc]	Pure cobalt	Cobalt	Boron	40	30	Co K-L3	0.8278	0.830026
[B(5.78 wgt%),Ni(94.22 wgt%),Σ=100.00,8.5 g/cc]	Pure nickel	Nickel	Boron	40	10	Ni K-L3	0.9238	0.924855
[B(5.78 wgt%),Ni(94.22 wgt%),Σ=100.00,8.5 g/cc]	Pure nickel	Nickel	Boron	40	12	Ni K-L3	0.9262	0.923372
[B(5.78 wgt%),Ni(94.22 wgt%),Σ=100.00,8.5 g/cc]	Pure nickel	Nickel	Boron	40	15	Ni K-L3	0.9303	0.93137
[B(5.78 wgt%),Ni(94.22 wgt%),Σ=100.00,8.5 g/cc]	Pure nickel	Nickel	Boron	40	20	Ni K-L3	0.9358	0.931231
[B(5.78 wgt%),Ni(94.22 wgt%),Σ=100.00,8.5 g/cc]	Pure nickel	Nickel	Boron	40	25	Ni K-L3	0.938	0.933517
[B(5.78 wgt%),Ni(94.22 wgt%),Σ=100.00,8.5 g/cc]	Pure nickel	Nickel	Boron	40	30	Ni K-L3	0.9382	0.935347
[B(8.43 wgt%),Ni(91.57 wgt%),Σ=100.00,8.3 g/cc]	Pure nickel	Nickel	Boron	40	10	Ni K-L3	0.8858	0.890368
[B(8.43 wgt%),Ni(91.57 wgt%),Σ=100.00,8.3 g/cc]	Pure nickel	Nickel	Boron	40	12	Ni K-L3	0.8899	0.896316
[B(8.43 wgt%),Ni(91.57 wgt%),Σ=100.00,8.3 g/cc]	Pure nickel	Nickel	Boron	40	15	Ni K-L3	0.895	0.899733
[B(8.43 wgt%),Ni(91.57 wgt%),Σ=100.00,8.3 g/cc]	Pure nickel	Nickel	Boron	40	20	Ni K-L3	0.9005	0.905601
[B(8.43 wgt%),Ni(91.57 wgt%),Σ=100.00,8.3 g/cc]	Pure nickel	Nickel	Boron	40	25	Ni K-L3	0.904	0.90347
[B(8.43 wgt%),Ni(91.57 wgt%),Σ=100.00,8.3 g/cc]	Pure nickel	Nickel	Boron	40	30	Ni K-L3	0.906	0.907814
[B(14.40 wgt%),Ni(85.60 wgt%),Σ=100.00,8 g/cc]	Pure nickel	Nickel	Boron	40	10	Ni K-L3	0.8083	0.815061
[B(14.40 wgt%),Ni(85.60 wgt%),Σ=100.00,8 g/cc]	Pure nickel	Nickel	Boron	40	12	Ni K-L3	0.818	0.823631
[B(14.40 wgt%),Ni(85.60 wgt%),Σ=100.00,8 g/cc]	Pure nickel	Nickel	Boron	40	15	Ni K-L3	0.8283	0.832916
[B(14.40 wgt%),Ni(85.60 wgt%),Σ=100.00,8 g/cc]	Pure nickel	Nickel	Boron	40	20	Ni K-L3	0.8388	0.839415
[B(14.40 wgt%),Ni(85.60 wgt%),Σ=100.00,8 g/cc]	Pure nickel	Nickel	Boron	40	25	Ni K-L3	0.8438	0.842548
[B(14.40 wgt%),Ni(85.60 wgt%),Σ=100.00,8 g/cc]	Pure nickel	Nickel	Boron	40	30	Ni K-L3	0.845	0.851035
[B(17.89 wgt%),Zr(82.11 wgt%),Σ=100.00,5.7 g/cc]	Pure zirconium	Zirconium	Boron	40	4	Zr L3-M5	0.754	0.744053
[B(17.89 wgt%),Zr(82.11 wgt%),Σ=100.00,5.7 g/cc]	Pure zirconium	Zirconium	Boron	40	6	Zr L3-M5	0.7662	0.76098
[B(17.89 wgt%),Zr(82.11 wgt%),Σ=100.00,5.7 g/cc]	Pure zirconium	Zirconium	Boron	40	8	Zr L3-M5	0.777	0.781377
[B(17.89 wgt%),Zr(82.11 wgt%),Σ=100.00,5.7 g/cc]	Pure zirconium	Zirconium	Boron	40	10	Zr L3-M5	0.7855	0.784551
[B(17.89 wgt%),Zr(82.11 wgt%),Σ=100.00,5.7 g/cc]	Pure zirconium	Zirconium	Boron	40	12	Zr L3-M5	0.793	0.790599
[B(17.89 wgt%),Zr(82.11 wgt%),Σ=100.00,5.7 g/cc]	Pure zirconium	Zirconium	Boron	40	15	Zr L3-M5	0.8024	0.797431
[B(17.89 wgt%),Zr(82.11 wgt%),Σ=100.00,5.7 g/cc]	Pure zirconium	Zirconium	Boron	40	20	Zr L3-M5	0.814	0.810645
[B(17.89 wgt%),Zr(82.11 wgt%),Σ=100.00,5.7 g/cc]	Pure zirconium	Zirconium	Boron	40	25	Zr L3-M5	0.8225	0.827298
[B(17.89 wgt%),Zr(82.11 wgt%),Σ=100.00,5.7 g/cc]	Pure zirconium	Zirconium	Boron	40	30	Zr L3-M5	0.829	0.841707
[B(10.42 wgt%),Nb(89.58 wgt%),Σ=100.00,7.9 g/cc]	Pure niobium	Niobium	Boron	40	4	Nb L3-M5	0.8588	0.839533
[B(10.42 wgt%),Nb(89.58 wgt%),Σ=100.00,7.9 g/cc]	Pure niobium	Niobium	Boron	40	6	Nb L3-M5	0.868	0.853855
[B(10.42 wgt%),Nb(89.58 wgt%),Σ=100.00,7.9 g/cc]	Pure niobium	Niobium	Boron	40	8	Nb L3-M5	0.8758	0.864447
[B(10.42 wgt%),Nb(89.58 wgt%),Σ=100.00,7.9 g/cc]	Pure niobium	Niobium	Boron	40	10	Nb L3-M5	0.882	0.871479
[B(10.42 wgt%),Nb(89.58 wgt%),Σ=100.00,7.9 g/cc]	Pure niobium	Niobium	Boron	40	12	Nb L3-M5	0.8878	0.876841
[B(10.42 wgt%),Nb(89.58 wgt%),Σ=100.00,7.9 g/cc]	Pure niobium	Niobium	Boron	40	15	Nb L3-M5	0.8942	0.876243
[B(10.42 wgt%),Nb(89.58 wgt%),Σ=100.00,7.9 g/cc]	Pure niobium	Niobium	Boron	40	20	Nb L3-M5	0.9036	0.89006
[B(10.42 wgt%),Nb(89.58 wgt%),Σ=100.00,7.9 g/cc]	Pure niobium	Niobium	Boron	40	25	Nb L3-M5	0.91	0.900598
[B(10.42 wgt%),Nb(89.58 wgt%),Σ=100.00,7.9 g/cc]	Pure niobium	Niobium	Boron	40	30	Nb L3-M5	0.9157	0.908279
[B(17.15 wgt%),Nb(82.85 wgt%),Σ=100.00,7.5 g/cc]	Pure niobium	Niobium	Boron	40	4	Nb L3-M5	0.7502	0.751363
[B(17.15 wgt%),Nb(82.85 wgt%),Σ=100.00,7.5 g/cc]	Pure niobium	Niobium	Boron	40	6	Nb L3-M5	0.764	0.770161
[B(17.15 wgt%),Nb(82.85 wgt%),Σ=100.00,7.5 g/cc]	Pure niobium	Niobium	Boron	40	8	Nb L3-M5	0.776	0.784388
[B(17.15 wgt%),Nb(82.85 wgt%),Σ=100.00,7.5 g/cc]	Pure niobium	Niobium	Boron	40	10	Nb L3-M5	0.7862	0.786798
[B(17.15 wgt%),Nb(82.85 wgt%),Σ=100.00,7.5 g/cc]	Pure niobium	Niobium	Boron	40	12	Nb L3-M5	0.795	0.800278
[B(17.15 wgt%),Nb(82.85 wgt%),Σ=100.00,7.5 g/cc]	Pure niobium	Niobium	Boron	40	15	Nb L3-M5	0.806	0.808413
[B(17.15 wgt%),Nb(82.85 wgt%),Σ=100.00,7.5 g/cc]	Pure niobium	Niobium	Boron	40	20	Nb L3-M5	0.821	0.822685
[B(17.15 wgt%),Nb(82.85 wgt%),Σ=100.00,7.5 g/cc]	Pure niobium	Niobium	Boron	40	25	Nb L3-M5	0.8338	0.834945
[B(17.15 wgt%),Nb(82.85 wgt%),Σ=100.00,7.5 g/cc]	Pure niobium	Niobium	Boron	40	30	Nb L3-M5	0.8442	0.846585
[B(10.13 wgt%),Mo(89.87 wgt%),Σ=100.00,9.4 g/cc]	Pure molybdenum	Molybdenum	Boron	40	4	Mo L3-M5	0.8401	0.839811
[B(10.13 wgt%),Mo(89.87 wgt%),Σ=100.00,9.4 g/cc]	Pure molybdenum	Molybdenum	Boron	40	6	Mo L3-M5	0.85	0.856669
[B(10.13 wgt%),Mo(89.87 wgt%),Σ=100.00,9.4 g/cc]	Pure molybdenum	Molybdenum	Boron	40	8	Mo L3-M5	0.858	0.866288
[B(10.13 wgt%),Mo(89.87 wgt%),Σ=100.00,9.4 g/cc]	Pure molybdenum	Molybdenum	Boron	40	10	Mo L3-M5	0.866	0.870329
[B(10.13 wgt%),Mo(89.87 wgt%),Σ=100.00,9.4 g/cc]	Pure molybdenum	Molybdenum	Boron	40	12	Mo L3-M5	0.8731	0.879353
[B(10.13 wgt%),Mo(89.87 wgt%),Σ=100.00,9.4 g/cc]	Pure molybdenum	Molybdenum	Boron	40	15	Mo L3-M5	0.8828	0.887587
[B(10.13 wgt%),Mo(89.87 wgt%),Σ=100.00,9.4 g/cc]	Pure molybdenum	Molybdenum	Boron	40	20	Mo L3-M5	0.8978	0.882427
[B(10.13 wgt%),Mo(89.87 wgt%),Σ=100.00,9.4 g/cc]	Pure molybdenum	Molybdenum	Boron	40	25	Mo L3-M5	0.91	0.902226
[B(10.13 wgt%),Mo(89.87 wgt%),Σ=100.00,9.4 g/cc]	Pure molybdenum	Molybdenum	Boron	40	30	Mo L3-M5	0.9202	0.910621
[B(5.64 wgt%),Ta(94.36 wgt%),Σ=100.00,15.8 g/cc]	Pure tantalum	Tantalum	Boron	40	4	Ta M5-N7	0.916	0.890369
[B(5.64 wgt%),Ta(94.36 wgt%),Σ=100.00,15.8 g/cc]	Pure tantalum	Tantalum	Boron	40	6	Ta M5-N7	0.9208	0.906581
[B(5.64 wgt%),Ta(94.36 wgt%),Σ=100.00,15.8 g/cc]	Pure tantalum	Tantalum	Boron	40	8	Ta M5-N7	0.9258	0.909269
[B(5.64 wgt%),Ta(94.36 wgt%),Σ=100.00,15.8 g/cc]	Pure tantalum	Tantalum	Boron	40	10	Ta M5-N7	0.9295	0.920721
[B(5.64 wgt%),Ta(94.36 wgt%),Σ=100.00,15.8 g/cc]	Pure tantalum	Tantalum	Boron	40	12	Ta M5-N7	0.9324	0.928184
[B(5.64 wgt%),Ta(94.36 wgt%),Σ=100.00,15.8 g/cc]	Pure tantalum	Tantalum	Boron	40	15	Ta M5-N7	0.9365	0.926498
[B(5.64 wgt%),Ta(94.36 wgt%),Σ=100.00,15.8 g/cc]	Pure tantalum	Tantalum	Boron	40	20	Ta M5-N7	0.943	0.938355
[B(5.64 wgt%),Ta(94.36 wgt%),Σ=100.00,15.8 g/cc]	Pure tantalum	Tantalum	Boron	40	25	Ta M5-N7	0.9462	0.948568
[B(5.64 wgt%),Ta(94.36 wgt%),Σ=100.00,15.8 g/cc]	Pure tantalum	Tantalum	Boron	40	30	Ta M5-N7	0.9482	0.954302
[B(5.64 wgt%),Ta(94.36 wgt%),Σ=100.00,15.8 g/cc]	Pure tantalum	Tantalum	Boron	40	12	Ta L3-M5	0.9158	0.898026
[B(5.64 wgt%),Ta(94.36 wgt%),Σ=100.00,15.8 g/cc]	Pure tantalum	Tantalum	Boron	40	15	Ta L3-M5	0.9193	0.908581
[B(5.64 wgt%),Ta(94.36 wgt%),Σ=100.00,15.8 g/cc]	Pure tantalum	Tantalum	Boron	40	20	Ta L3-M5	0.923	0.915159
[B(5.64 wgt%),Ta(94.36 wgt%),Σ=100.00,15.8 g/cc]	Pure tantalum	Tantalum	Boron	40	25	Ta L3-M5	0.9258	0.922602
[B(5.64 wgt%),Ta(94.36 wgt%),Σ=100.00,15.8 g/cc]	Pure tantalum	Tantalum	Boron	40	30	Ta L3-M5	0.926	0.927773
[B(9.23 wgt%),Ta(90.77 wgt%),Σ=100.00,15.3 g/cc]	Pure tantalum	Tantalum	Boron	40	4	Ta M5-N7	0.8478	0.835152
[B(9.23 wgt%),Ta(90.77 wgt%),Σ=100.00,15.3 g/cc]	Pure tantalum	Tantalum	Boron	40	6	Ta M5-N7	0.856	0.839424
[B(9.23 wgt%),Ta(90.77 wgt%),Σ=100.00,15.3 g/cc]	Pure tantalum	Tantalum	Boron	40	8	Ta M5-N7	0.8625	0.856304
[B(9.23 wgt%),Ta(90.77 wgt%),Σ=100.00,15.3 g/cc]	Pure tantalum	Tantalum	Boron	40	10	Ta M5-N7	0.869	0.868512
[B(9.23 wgt%),Ta(90.77 wgt%),Σ=100.00,15.3 g/cc]	Pure tantalum	Tantalum	Boron	40	12	Ta M5-N7	0.874	0.865756
[B(9.23 wgt%),Ta(90.77 wgt%),Σ=100.00,15.3 g/cc]	Pure tantalum	Tantalum	Boron	40	15	Ta M5-N7	0.8803	0.881036
[B(9.23 wgt%),Ta(90.77 wgt%),Σ=100.00,15.3 g/cc]	Pure tantalum	Tantalum	Boron	40	20	Ta M5-N7	0.8895	0.894269
[B(9.23 wgt%),Ta(90.77 wgt%),Σ=100.00,15.3 g/cc]	Pure tantalum	Tantalum	Boron	40	25	Ta M5-N7	0.896	0.913238
[B(9.23 wgt%),Ta(90.77 wgt%),Σ=100.00,15.3 g/cc]	Pure tantalum	Tantalum	Boron	40	30	Ta M5-N7	0.9002	0.926883
[B(9.23 wgt%),Ta(90.77 wgt%),Σ=100.00,15.3 g/cc]	Pure tantalum	Tantalum	Boron	40	12	Ta L3-M5	0.823	0.84268
[B(9.23 wgt%),Ta(90.77 wgt%),Σ=100.00,15.3 g/cc]	Pure tantalum	Tantalum	Boron	40	15	Ta L3-M5	0.8365	0.854808
[B(9.23 wgt%),Ta(90.77 wgt%),Σ=100.00,15.3 g/cc]	Pure tantalum	Tantalum	Boron	40	20	Ta L3-M5	0.8525	0.868204
[B(9.23 wgt%),Ta(90.77 wgt%),Σ=100.00,15.3 g/cc]	Pure tantalum	Tantalum	Boron	40	25	Ta L3-M5	0.8622	0.880461
[B(9.23 wgt%),Ta(90.77 wgt%),Σ=100.00,15.3 g/cc]	Pure tantalum	Tantalum	Boron	40	30	Ta L3-M5	0.869	0.888533
[B(5.55 wgt%),W(94.45 wgt%),Σ=100.00,18.4 g/cc]	Pure tungsten	Tungsten	Boron	40	4	W M5-N7	0.885	0.893392
[B(5.55 wgt%),W(94.45 wgt%),Σ=100.00,18.4 g/cc]	Pure tungsten	Tungsten	Boron	40	6	W M5-N7	0.895	0.894105
[B(5.55 wgt%),W(94.45 wgt%),Σ=100.00,18.4 g/cc]	Pure tungsten	Tungsten	Boron	40	8	W M5-N7	0.9038	0.912218
[B(5.55 wgt%),W(94.45 wgt%),Σ=100.00,18.4 g/cc]	Pure tungsten	Tungsten	Boron	40	10	W M5-N7	0.9105	0.910212
[B(5.55 wgt%),W(94.45 wgt%),Σ=100.00,18.4 g/cc]	Pure tungsten	Tungsten	Boron	40	12	W M5-N7	0.9178	0.92669
[B(5.55 wgt%),W(94.45 wgt%),Σ=100.00,18.4 g/cc]	Pure tungsten	Tungsten	Boron	40	15	W M5-N7	0.9258	0.928281
[B(5.55 wgt%),W(94.45 wgt%),Σ=100.00,18.4 g/cc]	Pure tungsten	Tungsten	Boron	40	20	W M5-N7	0.9375	0.936972
[B(5.55 wgt%),W(94.45 wgt%),Σ=100.00,18.4 g/cc]	Pure tungsten	Tungsten	Boron	40	25	W M5-N7	0.9463	0.945637
[B(5.55 wgt%),W(94.45 wgt%),Σ=100.00,18.4 g/cc]	Pure tungsten	Tungsten	Boron	40	30	W M5-N7	0.953	0.947003
[B(5.55 wgt%),W(94.45 wgt%),Σ=100.00,18.4 g/cc]	Pure tungsten	Tungsten	Boron	40	12	W L3-M5	0.8918	0.902202
[B(5.55 wgt%),W(94.45 wgt%),Σ=100.00,18.4 g/cc]	Pure tungsten	Tungsten	Boron	40	15	W L3-M5	0.899	0.909906
[B(5.55 wgt%),W(94.45 wgt%),Σ=100.00,18.4 g/cc]	Pure tungsten	Tungsten	Boron	40	20	W L3-M5	0.9103	0.915961
[B(5.55 wgt%),W(94.45 wgt%),Σ=100.00,18.4 g/cc]	Pure tungsten	Tungsten	Boron	40	25	W L3-M5	0.9198	0.932317
[B(5.55 wgt%),W(94.45 wgt%),Σ=100.00,18.4 g/cc]	Pure tungsten	Tungsten	Boron	40	30	W L3-M5	0.9264	0.925903
[Cu(49.20 wgt%),Au(50.80 wgt%),Σ=100.00,14.2 g/cc]	Pure gold	Gold	Copper	40	5.2	Au M5-N7	0.4259	0.418031
[Cu(49.20 wgt%),Au(50.80 wgt%),Σ=100.00,14.2 g/cc]	Pure gold	Gold	Copper	40	10.4	Au M5-N7	0.4203	0.421376
[Cu(49.20 wgt%),Au(50.80 wgt%),Σ=100.00,14.2 g/cc]	Pure gold	Gold	Copper	40	15.7	Au M5-N7	0.4034	0.41017
[Cu(49.20 wgt%),Au(50.80 wgt%),Σ=100.00,14.2 g/cc]	Pure gold	Gold	Copper	40	20.8	Au M5-N7	0.3865	0.41122
[Cu(49.20 wgt%),Au(50.80 wgt%),Σ=100.00,14.2 g/cc]	Pure gold	Gold	Copper	40	26.1	Au M5-N7	0.3668	0.393203
[Cu(39.20 wgt%),Au(60.80 wgt%),Σ=100.00,15.2 g/cc]	Pure gold	Gold	Copper	40	31.5	Au M5-N7	0.3499	0.467564
[Cu(49.20 wgt%),Au(50.80 wgt%),Σ=100.00,14.2 g/cc]	Pure gold	Gold	Copper	40	36.6	Au M5-N7	0.3405	0.354797
[Cu(49.20 wgt%),Au(50.80 wgt%),Σ=100.00,14.2 g/cc]	Pure gold	Gold	Copper	40	39.7	Au M5-N7	0.3349	0.338796
[Cu(70.00 wgt%),Au(30.00 wgt%),Σ=100.00,12.1 g/cc]	Pure gold	Gold	Copper	40	5.2	Au M5-N7	0.2317	0.228783
[Cu(70.00 wgt%),Au(30.00 wgt%),Σ=100.00,12.1 g/cc]	Pure gold	Gold	Copper	40	10.4	Au M5-N7	0.2317	0.232388
[Cu(70.00 wgt%),Au(30.00 wgt%),Σ=100.00,12.1 g/cc]	Pure gold	Gold	Copper	40	15.7	Au M5-N7	0.2186	0.221128
[Cu(70.00 wgt%),Au(30.00 wgt%),Σ=100.00,12.1 g/cc]	Pure gold	Gold	Copper	40	20.8	Au M5-N7	0.2054	0.220711
[Cu(70.00 wgt%),Au(30.00 wgt%),Σ=100.00,12.1 g/cc]	Pure gold	Gold	Copper	40	26.1	Au M5-N7	0.1886	0.207625
[Cu(70.00 wgt%),Au(30.00 wgt%),Σ=100.00,12.1 g/cc]	Pure gold	Gold	Copper	40	31.5	Au M5-N7	0.1773	0.191515
[Cu(70.00 wgt%),Au(30.00 wgt%),Σ=100.00,12.1 g/cc]	Pure gold	Gold	Copper	40	36.6	Au M5-N7	0.1717	0.17649
[Cu(70.00 wgt%),Au(30.00 wgt%),Σ=100.00,12.1 g/cc]	Pure gold	Gold	Copper	40	39.7	Au M5-N7	0.1689	0.17261
[Cu(19.80 wgt%),Au(80.20 wgt%),Σ=100.00,17.3 g/cc]	Pure gold	Gold	Copper	40	25	Au L3-M5	0.762	0.77006
[Cu(19.80 wgt%),Au(80.20 wgt%),Σ=100.00,17.3 g/cc]	Pure gold	Gold	Copper	40	20	Au L3-M5	0.761	0.759744
[Cu(19.80 wgt%),Au(80.20 wgt%),Σ=100.00,17.3 g/cc]	Pure gold	Gold	Copper	40	16	Au L3-M5	0.751	0.745277
[Cu(19.80 wgt%),Au(80.20 wgt%),Σ=100.00,17.3 g/cc]	Pure copper	Copper	Gold	40	25	Cu K-L3	0.235	0.203069
[Cu(19.80 wgt%),Au(80.20 wgt%),Σ=100.00,17.3 g/cc]	Pure copper	Copper	Gold	40	20	Cu K-L3	0.245	0.224184
[Cu(19.80 wgt%),Au(80.20 wgt%),Σ=100.00,17.3 g/cc]	Pure copper	Copper	Gold	40	16	Cu K-L3	0.252	0.233925
[Cu(39.60 wgt%),Au(60.40 wgt%),Σ=100.00,15.2 g/cc]	Pure gold	Gold	Copper	40	25	Au L3-M5	0.537	0.559626
[Cu(39.60 wgt%),Au(60.40 wgt%),Σ=100.00,15.2 g/cc]	Pure gold	Gold	Copper	40	20	Au L3-M5	0.53	0.53656
[Cu(39.60 wgt%),Au(60.40 wgt%),Σ=100.00,15.2 g/cc]	Pure gold	Gold	Copper	40	16	Au L3-M5	0.518	0.52741
[Cu(39.60 wgt%),Au(60.40 wgt%),Σ=100.00,15.2 g/cc]	Pure copper	Copper	Gold	40	25	Cu K-L3	0.447	0.403218
[Cu(39.60 wgt%),Au(60.40 wgt%),Σ=100.00,15.2 g/cc]	Pure copper	Copper	Gold	40	20	Cu K-L3	0.463	0.432911
[Cu(39.60 wgt%),Au(60.40 wgt%),Σ=100.00,15.2 g/cc]	Pure copper	Copper	Gold	40	16	Cu K-L3	0.472	0.447335
[Cu(59.90 wgt%),Au(40.10 wgt%),Σ=100.00,13.1 g/cc]	Pure gold	Gold	Copper	40	25	Au L3-M5	0.338	0.356553
[Cu(59.90 wgt%),Au(40.10 wgt%),Σ=100.00,13.1 g/cc]	Pure gold	Gold	Copper	40	20	Au L3-M5	0.334	0.338194
[Cu(59.90 wgt%),Au(40.10 wgt%),Σ=100.00,13.1 g/cc]	Pure gold	Gold	Copper	40	16	Au L3-M5	0.323	0.331311
[Cu(59.90 wgt%),Au(40.10 wgt%),Σ=100.00,13.1 g/cc]	Pure copper	Copper	Gold	40	25	Cu K-L3	0.643	0.601949
[Cu(59.90 wgt%),Au(40.10 wgt%),Σ=100.00,13.1 g/cc]	Pure copper	Copper	Gold	40	20	Cu K-L3	0.655	0.635114
[Cu(59.90 wgt%),Au(40.10 wgt%),Σ=100.00,13.1 g/cc]	Pure copper	Copper	Gold	40	16	Cu K-L3	0.67	0.647152
[Cu(79.90 wgt%),Au(20.10 wgt%),Σ=100.00,11 g/cc]	Pure gold	Gold	Copper	40	25	Au L3-M5	0.155	0.172249
[Cu(79.90 wgt%),Au(20.10 wgt%),Σ=100.00,11 g/cc]	Pure gold	Gold	Copper	40	20	Au L3-M5	0.153	0.161216
[Cu(79.90 wgt%),Au(20.10 wgt%),Σ=100.00,11 g/cc]	Pure gold	Gold	Copper	40	16	Au L3-M5	0.147	0.1562
[Cu(79.90 wgt%),Au(20.10 wgt%),Σ=100.00,11 g/cc]	Pure copper	Copper	Gold	40	25	Cu K-L3	0.827	0.802155
[Cu(79.90 wgt%),Au(20.10 wgt%),Σ=100.00,11 g/cc]	Pure copper	Copper	Gold	40	20	Cu K-L3	0.835	0.819779
[Cu(79.90 wgt%),Au(20.10 wgt%),Σ=100.00,11 g/cc]	Pure copper	Copper	Gold	40	16	Cu K-L3	0.845	0.830174
[Cu(19.80 wgt%),Au(80.20 wgt%),Σ=100.00,17.3 g/cc]	Pure gold	Gold	Copper	40	14	Au M5-N7	0.742	0.740393
[Cu(19.80 wgt%),Au(80.20 wgt%),Σ=100.00,17.3 g/cc]	Pure gold	Gold	Copper	40	12	Au M5-N7	0.745	0.739726
[Cu(19.80 wgt%),Au(80.20 wgt%),Σ=100.00,17.3 g/cc]	Pure gold	Gold	Copper	40	10	Au M5-N7	0.756	0.736534
[Cu(19.80 wgt%),Au(80.20 wgt%),Σ=100.00,17.3 g/cc]	Pure copper	Copper	Gold	40	14	Cu K-L3	0.257	0.23899
[Cu(19.80 wgt%),Au(80.20 wgt%),Σ=100.00,17.3 g/cc]	Pure copper	Copper	Gold	40	12	Cu K-L3	0.264	0.249124
[Cu(39.60 wgt%),Au(60.40 wgt%),Σ=100.00,15.2 g/cc]	Pure gold	Gold	Copper	40	14	Au M5-N7	0.511	0.509879
[Cu(39.60 wgt%),Au(60.40 wgt%),Σ=100.00,15.2 g/cc]	Pure gold	Gold	Copper	40	12	Au M5-N7	0.514	0.514698
[Cu(39.60 wgt%),Au(60.40 wgt%),Σ=100.00,15.2 g/cc]	Pure gold	Gold	Copper	40	10	Au M5-N7	0.523	0.513552
[Cu(39.60 wgt%),Au(60.40 wgt%),Σ=100.00,15.2 g/cc]	Pure copper	Copper	Gold	40	14	Cu K-L3	0.476	0.455167
[Cu(39.60 wgt%),Au(60.40 wgt%),Σ=100.00,15.2 g/cc]	Pure copper	Copper	Gold	40	12	Cu K-L3	0.494	0.467089
[Cu(59.90 wgt%),Au(40.10 wgt%),Σ=100.00,13.1 g/cc]	Pure gold	Gold	Copper	40	14	Au M5-N7	0.314	0.313041
[Cu(59.90 wgt%),Au(40.10 wgt%),Σ=100.00,13.1 g/cc]	Pure gold	Gold	Copper	40	12	Au M5-N7	0.316	0.316735
[Cu(59.90 wgt%),Au(40.10 wgt%),Σ=100.00,13.1 g/cc]	Pure gold	Gold	Copper	40	12	Au M5-N7	0.322	0.318649
[Cu(59.90 wgt%),Au(40.10 wgt%),Σ=100.00,13.1 g/cc]	Pure copper	Copper	Gold	40	14	Cu K-L3	0.675	0.652915
[Cu(59.90 wgt%),Au(40.10 wgt%),Σ=100.00,13.1 g/cc]	Pure copper	Copper	Gold	40	12	Cu K-L3	0.694	0.663935
[Cu(79.90 wgt%),Au(20.10 wgt%),Σ=100.00,11 g/cc]	Pure gold	Gold	Copper	40	14	Au M5-N7	0.143	0.148393
[Cu(79.90 wgt%),Au(20.10 wgt%),Σ=100.00,11 g/cc]	Pure gold	Gold	Copper	40	12	Au M5-N7	0.147	0.14918
[Cu(79.90 wgt%),Au(20.10 wgt%),Σ=100.00,11 g/cc]	Pure copper	Copper	Gold	40	14	Cu K-L3	0.845	0.835005
[Cu(79.90 wgt%),Au(20.10 wgt%),Σ=100.00,11 g/cc]	Pure copper	Copper	Gold	40	12	Cu K-L3	0.853	0.839278
[Ag(77.57 wgt%),Au(22.43 wgt%),Σ=100.00,12.5 g/cc]	Pure gold	Gold	Silver	52.5	15	Au L3-M5	0.203	0.193339
[Ag(77.57 wgt%),Au(22.43 wgt%),Σ=100.00,12.5 g/cc]	Pure gold	Gold	Silver	52.5	20	Au L3-M5	0.203	0.199092
[Ag(77.57 wgt%),Au(22.43 wgt%),Σ=100.00,12.5 g/cc]	Pure gold	Gold	Silver	52.5	30	Au L3-M5	0.211	0.211895
[Ag(77.57 wgt%),Au(22.43 wgt%),Σ=100.00,12.5 g/cc]	Pure gold	Gold	Silver	52.5	40	Au L3-M5	0.216	0.211032
[Ag(77.57 wgt%),Au(22.43 wgt%),Σ=100.00,12.5 g/cc]	Pure gold	Gold	Silver	52.5	48.5	Au L3-M5	0.214	0.212265
[Ag(59.97 wgt%),Au(40.03 wgt%),Σ=100.00,14 g/cc]	Pure gold	Gold	Silver	52.5	15	Au L3-M5	0.368	0.356545
[Ag(59.97 wgt%),Au(40.03 wgt%),Σ=100.00,14 g/cc]	Pure gold	Gold	Silver	52.5	20	Au L3-M5	0.366	0.365441
[Ag(59.97 wgt%),Au(40.03 wgt%),Σ=100.00,14 g/cc]	Pure gold	Gold	Silver	52.5	30	Au L3-M5	0.376	0.380166
[Ag(59.97 wgt%),Au(40.03 wgt%),Σ=100.00,14 g/cc]	Pure gold	Gold	Silver	52.5	40	Au L3-M5	0.384	0.382096
[Ag(59.97 wgt%),Au(40.03 wgt%),Σ=100.00,14 g/cc]	Pure gold	Gold	Silver	52.5	48.5	Au L3-M5	0.385	0.378764
[Ag(39.95 wgt%),Au(60.05 wgt%),Σ=100.00,15.8 g/cc]	Pure gold	Gold	Silver	52.5	15	Au L3-M5	0.566	0.557158
[Ag(39.95 wgt%),Au(60.05 wgt%),Σ=100.00,15.8 g/cc]	Pure gold	Gold	Silver	52.5	20	Au L3-M5	0.573	0.562291
[Ag(39.95 wgt%),Au(60.05 wgt%),Σ=100.00,15.8 g/cc]	Pure gold	Gold	Silver	52.5	30	Au L3-M5	0.58	0.579015
[Ag(39.95 wgt%),Au(60.05 wgt%),Σ=100.00,15.8 g/cc]	Pure gold	Gold	Silver	52.5	40	Au L3-M5	0.584	0.581223
[Ag(39.95 wgt%),Au(60.05 wgt%),Σ=100.00,15.8 g/cc]	Pure gold	Gold	Silver	52.5	48.5	Au L3-M5	0.584	0.579823
[Ag(19.95 wgt%),Au(80.05 wgt%),Σ=100.00,17.5 g/cc]	Pure gold	Gold	Silver	52.5	15	Au L3-M5	0.789	0.771789
[Ag(19.95 wgt%),Au(80.05 wgt%),Σ=100.00,17.5 g/cc]	Pure gold	Gold	Silver	52.5	20	Au L3-M5	0.783	0.77595
[Ag(19.95 wgt%),Au(80.05 wgt%),Σ=100.00,17.5 g/cc]	Pure gold	Gold	Silver	52.5	30	Au L3-M5	0.783	0.785273
[Ag(19.95 wgt%),Au(80.05 wgt%),Σ=100.00,17.5 g/cc]	Pure gold	Gold	Silver	52.5	40	Au L3-M5	0.79	0.783191
[Ag(19.95 wgt%),Au(80.05 wgt%),Σ=100.00,17.5 g/cc]	Pure gold	Gold	Silver	52.5	48.5	Au L3-M5	0.788	0.784475
[Ag(77.57 wgt%),Au(22.43 wgt%),Σ=100.00,12.5 g/cc]	Pure gold	Gold	Silver	52.5	10	Au M5-N7	0.201	0.193864
[Ag(77.57 wgt%),Au(22.43 wgt%),Σ=100.00,12.5 g/cc]	Pure gold	Gold	Silver	52.5	20	Au M5-N7	0.197	0.197444
[Ag(77.57 wgt%),Au(22.43 wgt%),Σ=100.00,12.5 g/cc]	Pure gold	Gold	Silver	52.5	30	Au M5-N7	0.192	0.194394
[Ag(77.57 wgt%),Au(22.43 wgt%),Σ=100.00,12.5 g/cc]	Pure gold	Gold	Silver	52.5	40	Au M5-N7	0.185	0.185484
[Ag(77.57 wgt%),Au(22.43 wgt%),Σ=100.00,12.5 g/cc]	Pure gold	Gold	Silver	52.5	48.5	Au M5-N7	0.181	0.178845
[Ag(59.97 wgt%),Au(40.03 wgt%),Σ=100.00,14 g/cc]	Pure gold	Gold	Silver	52.5	10	Au M5-N7	0.362	0.356389
[Ag(59.97 wgt%),Au(40.03 wgt%),Σ=100.00,14 g/cc]	Pure gold	Gold	Silver	52.5	20	Au M5-N7	0.364	0.359591
[Ag(59.97 wgt%),Au(40.03 wgt%),Σ=100.00,14 g/cc]	Pure gold	Gold	Silver	52.5	30	Au M5-N7	0.351	0.356291
[Ag(59.97 wgt%),Au(40.03 wgt%),Σ=100.00,14 g/cc]	Pure gold	Gold	Silver	52.5	40	Au M5-N7	0.344	0.347876
[Ag(59.97 wgt%),Au(40.03 wgt%),Σ=100.00,14 g/cc]	Pure gold	Gold	Silver	52.5	48.5	Au M5-N7	0.337	0.338544
[Ag(39.95 wgt%),Au(60.05 wgt%),Σ=100.00,15.8 g/cc]	Pure gold	Gold	Silver	52.5	10	Au M5-N7	0.559	0.55784
[Ag(39.95 wgt%),Au(60.05 wgt%),Σ=100.00,15.8 g/cc]	Pure gold	Gold	Silver	52.5	20	Au M5-N7	0.551	0.559697
[Ag(39.95 wgt%),Au(60.05 wgt%),Σ=100.00,15.8 g/cc]	Pure gold	Gold	Silver	52.5	30	Au M5-N7	0.547	0.559662
[Ag(39.95 wgt%),Au(60.05 wgt%),Σ=100.00,15.8 g/cc]	Pure gold	Gold	Silver	52.5	40	Au M5-N7	0.541	0.542488
[Ag(39.95 wgt%),Au(60.05 wgt%),Σ=100.00,15.8 g/cc]	Pure gold	Gold	Silver	52.5	48.5	Au M5-N7	0.537	0.538887
[Ag(19.95 wgt%),Au(80.05 wgt%),Σ=100.00,17.5 g/cc]	Pure gold	Gold	Silver	52.5	10	Au M5-N7	0.771	0.775199
[Ag(19.95 wgt%),Au(80.05 wgt%),Σ=100.00,17.5 g/cc]	Pure gold	Gold	Silver	52.5	20	Au M5-N7	0.764	0.771205
[Ag(19.95 wgt%),Au(80.05 wgt%),Σ=100.00,17.5 g/cc]	Pure gold	Gold	Silver	52.5	30	Au M5-N7	0.766	0.768915
[Ag(19.95 wgt%),Au(80.05 wgt%),Σ=100.00,17.5 g/cc]	Pure gold	Gold	Silver	52.5	40	Au M5-N7	0.761	0.762287
[Ag(19.95 wgt%),Au(80.05 wgt%),Σ=100.00,17.5 g/cc]	Pure gold	Gold	Silver	52.5	48.5	Au M5-N7	0.755	0.758975
[Ag(19.96 wgt%),Au(80.04 wgt%),Σ=100.00,17.5 g/cc]	Pure silver	Silver	Gold	52.5	5	Ag L3-M5	0.223	0.230882
[Ag(19.96 wgt%),Au(80.04 wgt%),Σ=100.00,17.5 g/cc]	Pure silver	Silver	Gold	52.5	10	Ag L3-M5	0.191	0.198545
[Ag(19.96 wgt%),Au(80.04 wgt%),Σ=100.00,17.5 g/cc]	Pure silver	Silver	Gold	52.5	20	Ag L3-M5	0.144	0.149995
[Ag(19.96 wgt%),Au(80.04 wgt%),Σ=100.00,17.5 g/cc]	Pure silver	Silver	Gold	52.5	30	Ag L3-M5	0.109	0.118489
[Ag(19.96 wgt%),Au(80.04 wgt%),Σ=100.00,17.5 g/cc]	Pure silver	Silver	Gold	52.6	40	Ag L3-M5	0.0887	0.095067
[Ag(19.96 wgt%),Au(80.04 wgt%),Σ=100.00,17.5 g/cc]	Pure silver	Silver	Gold	52.6	48.5	Ag L3-M5	0.0795	0.080994
[Ag(39.92 wgt%),Au(60.08 wgt%),Σ=100.00,15.8 g/cc]	Pure silver	Silver	Gold	52.6	5	Ag L3-M5	0.436	0.444588
[Ag(39.92 wgt%),Au(60.08 wgt%),Σ=100.00,15.8 g/cc]	Pure silver	Silver	Gold	52.5	10	Ag L3-M5	0.386	0.399915
[Ag(39.92 wgt%),Au(60.08 wgt%),Σ=100.00,15.8 g/cc]	Pure silver	Silver	Gold	52.5	20	Ag L3-M5	0.309	0.320237
[Ag(39.92 wgt%),Au(60.08 wgt%),Σ=100.00,15.8 g/cc]	Pure silver	Silver	Gold	52.5	30	Ag L3-M5	0.245	0.265304
[Ag(39.92 wgt%),Au(60.08 wgt%),Σ=100.00,15.8 g/cc]	Pure silver	Silver	Gold	52.5	40	Ag L3-M5	0.208	0.220097
[Ag(39.92 wgt%),Au(60.08 wgt%),Σ=100.00,15.8 g/cc]	Pure silver	Silver	Gold	52.5	48.5	Ag L3-M5	0.181	0.191971
[Ag(69.93 wgt%),Au(30.07 wgt%),Σ=100.00,13.1 g/cc]	Pure silver	Silver	Gold	62.5	5	Ag L3-M5	0.624	0.734924
[Ag(59.93 wgt%),Au(40.07 wgt%),Σ=100.00,14 g/cc]	Pure silver	Silver	Gold	52.5	10	Ag L3-M5	0.684	0.595827
[Ag(59.93 wgt%),Au(40.07 wgt%),Σ=100.00,14 g/cc]	Pure silver	Silver	Gold	52.5	20	Ag L3-M5	0.504	0.516135
[Ag(59.93 wgt%),Au(40.07 wgt%),Σ=100.00,14 g/cc]	Pure silver	Silver	Gold	52.5	30	Ag L3-M5	0.426	0.448725
[Ag(59.93 wgt%),Au(40.07 wgt%),Σ=100.00,14 g/cc]	Pure silver	Silver	Gold	52.5	40	Ag L3-M5	0.375	0.386839
[Ag(59.93 wgt%),Au(40.07 wgt%),Σ=100.00,14 g/cc]	Pure silver	Silver	Gold	52.5	48.5	Ag L3-M5	0.339	0.351378
[Ag(77.58 wgt%),Au(22.42 wgt%),Σ=100.00,12.5 g/cc]	Pure silver	Silver	Gold	52.5	5	Ag L3-M5	0.807	0.804255
[Ag(77.58 wgt%),Au(22.42 wgt%),Σ=100.00,12.5 g/cc]	Pure silver	Silver	Gold	52.5	10	Ag L3-M5	0.764	0.777268
[Ag(77.58 wgt%),Au(22.42 wgt%),Σ=100.00,12.5 g/cc]	Pure silver	Silver	Gold	52.5	20	Ag L3-M5	0.706	0.715596
[Ag(77.58 wgt%),Au(22.42 wgt%),Σ=100.00,12.5 g/cc]	Pure silver	Silver	Gold	52.5	30	Ag L3-M5	0.636	0.649662
[Ag(77.58 wgt%),Au(22.42 wgt%),Σ=100.00,12.5 g/cc]	Pure silver	Silver	Gold	52.5	40	Ag L3-M5	0.586	0.597742
[Ag(77.58 wgt%),Au(22.42 wgt%),Σ=100.00,12.5 g/cc]	Pure silver	Silver	Gold	52.5	48.5	Ag L3-M5	0.542	0.557269
[Cu(19.83 wgt%),Au(80.17 wgt%),Σ=100.00,17.2 g/cc]	Pure copper	Copper	Gold	52.5	15	Cu K-L3	0.254	0.237667
[Cu(19.83 wgt%),Au(80.17 wgt%),Σ=100.00,17.2 g/cc]	Pure copper	Copper	Gold	52.5	20	Cu K-L3	0.247	0.226303
[Cu(19.83 wgt%),Au(80.17 wgt%),Σ=100.00,17.2 g/cc]	Pure copper	Copper	Gold	52.5	25	Cu K-L3	0.24	0.205228
[Cu(19.83 wgt%),Au(80.17 wgt%),Σ=100.00,17.2 g/cc]	Pure copper	Copper	Gold	52.5	30	Cu K-L3	0.235	0.200265
[Cu(19.83 wgt%),Au(80.17 wgt%),Σ=100.00,17.2 g/cc]	Pure copper	Copper	Gold	52.5	40	Cu K-L3	0.218	0.191593
[Cu(19.83 wgt%),Au(80.17 wgt%),Σ=100.00,17.2 g/cc]	Pure copper	Copper	Gold	52.5	48.5	Cu K-L3	0.218	0.181212
[Cu(39.64 wgt%),Au(60.36 wgt%),Σ=100.00,15.2 g/cc]	Pure copper	Copper	Gold	52.5	15	Cu K-L3	0.48	0.452076
[Cu(39.64 wgt%),Au(60.36 wgt%),Σ=100.00,15.2 g/cc]	Pure copper	Copper	Gold	52.5	20	Cu K-L3	0.464	0.435863
[Cu(39.64 wgt%),Au(60.36 wgt%),Σ=100.00,15.2 g/cc]	Pure copper	Copper	Gold	52.5	25	Cu K-L3	0.453	0.407767
[Cu(39.64 wgt%),Au(60.36 wgt%),Σ=100.00,15.2 g/cc]	Pure copper	Copper	Gold	52.5	30	Cu K-L3	0.443	0.397819
[Cu(39.64 wgt%),Au(60.36 wgt%),Σ=100.00,15.2 g/cc]	Pure copper	Copper	Gold	52.5	40	Cu K-L3	0.416	0.381879
[Cu(39.64 wgt%),Au(60.36 wgt%),Σ=100.00,15.2 g/cc]	Pure copper	Copper	Gold	52.5	48.5	Cu K-L3	0.414	0.368861
[Cu(59.92 wgt%),Au(40.08 wgt%),Σ=100.00,13.1 g/cc]	Pure copper	Copper	Gold	52.5	15	Cu K-L3	0.676	0.651295
[Cu(59.92 wgt%),Au(40.08 wgt%),Σ=100.00,13.1 g/cc]	Pure copper	Copper	Gold	52.5	20	Cu K-L3	0.663	0.632298
[Cu(59.92 wgt%),Au(40.08 wgt%),Σ=100.00,13.1 g/cc]	Pure copper	Copper	Gold	52.5	25	Cu K-L3	0.651	0.608216
[Cu(59.92 wgt%),Au(40.08 wgt%),Σ=100.00,13.1 g/cc]	Pure copper	Copper	Gold	62.5	30	Cu K-L3	0.644	0.599609
[Cu(59.92 wgt%),Au(40.08 wgt%),Σ=100.00,13.1 g/cc]	Pure copper	Copper	Gold	52.5	40	Cu K-L3	0.616	0.580968
[Cu(59.92 wgt%),Au(40.08 wgt%),Σ=100.00,13.1 g/cc]	Pure copper	Copper	Gold	52.5	48.5	Cu K-L3	0.604	0.564632
[Cu(79.85 wgt%),Au(20.15 wgt%),Σ=100.00,11 g/cc]	Pure copper	Copper	Gold	52.5	15	Cu K-L3	0.851	0.828754
[Cu(79.85 wgt%),Au(20.15 wgt%),Σ=100.00,11 g/cc]	Pure copper	Copper	Gold	52.5	20	Cu K-L3	0.841	0.816869
[Cu(79.85 wgt%),Au(20.15 wgt%),Σ=100.00,11 g/cc]	Pure copper	Copper	Gold	52.5	25	Cu K-L3	0.834	0.800618
[Cu(79.85 wgt%),Au(20.15 wgt%),Σ=100.00,11 g/cc]	Pure copper	Copper	Gold	52.5	30	Cu K-L3	0.826	0.796646
[Cu(79.85 wgt%),Au(20.15 wgt%),Σ=100.00,11 g/cc]	Pure copper	Copper	Gold	52.5	40	Cu K-L3	0.815	0.78078
[Cu(79.85 wgt%),Au(20.15 wgt%),Σ=100.00,11 g/cc]	Pure copper	Copper	Gold	52.5	48.5	Cu K-L3	0.8	0.775423
[Cu(79.88 wgt%),Au(20.12 wgt%),Σ=100.00,11 g/cc]	Pure gold	Gold	Copper	52.5	15	Au L3-M5	0.145	0.155572
[Cu(79.88 wgt%),Au(20.12 wgt%),Σ=100.00,11 g/cc]	Pure gold	Gold	Copper	52.5	20	Au L3-M5	0.158	0.162311
[Cu(79.88 wgt%),Au(20.12 wgt%),Σ=100.00,11 g/cc]	Pure gold	Gold	Copper	52.5	25	Au L3-M5	0.154	0.175503
[Cu(79.88 wgt%),Au(20.12 wgt%),Σ=100.00,11 g/cc]	Pure gold	Gold	Copper	52.5	30	Au L3-M5	0.157	0.173145
[Cu(79.88 wgt%),Au(20.12 wgt%),Σ=100.00,11 g/cc]	Pure gold	Gold	Copper	52.5	48.5	Au L3-M5	0.152	0.164296
[Cu(59.90 wgt%),Au(40.10 wgt%),Σ=100.00,13.1 g/cc]	Pure gold	Gold	Copper	52.5	15	Au L3-M5	0.312	0.327678
[Cu(59.90 wgt%),Au(40.10 wgt%),Σ=100.00,13.1 g/cc]	Pure gold	Gold	Copper	52.5	20	Au L3-M5	0.333	0.342079
[Cu(59.90 wgt%),Au(40.10 wgt%),Σ=100.00,13.1 g/cc]	Pure gold	Gold	Copper	52.5	25	Au L3-M5	0.331	0.358349
[Cu(59.90 wgt%),Au(40.10 wgt%),Σ=100.00,13.1 g/cc]	Pure gold	Gold	Copper	52.5	30	Au L3-M5	0.331	0.35957
[Cu(59.90 wgt%),Au(40.10 wgt%),Σ=100.00,13.1 g/cc]	Pure gold	Gold	Copper	52.5	48.5	Au L3-M5	0.326	0.34556
[Cu(39.64 wgt%),Au(60.36 wgt%),Σ=100.00,15.2 g/cc]	Pure gold	Gold	Copper	52.5	15	Au L3-M5	0.511	0.524717
[Cu(39.64 wgt%),Au(60.36 wgt%),Σ=100.00,15.2 g/cc]	Pure gold	Gold	Copper	52.5	20	Au L3-M5	0.531	0.540751
[Cu(39.64 wgt%),Au(60.36 wgt%),Σ=100.00,15.2 g/cc]	Pure gold	Gold	Copper	52.5	25	Au L3-M5	0.529	0.557938
[Cu(39.64 wgt%),Au(60.36 wgt%),Σ=100.00,15.2 g/cc]	Pure gold	Gold	Copper	52.5	30	Au L3-M5	0.533	0.55818
[Cu(39.64 wgt%),Au(60.36 wgt%),Σ=100.00,15.2 g/cc]	Pure gold	Gold	Copper	52.5	48.5	Au L3-M5	0.521	0.545229
[Cu(19.85 wgt%),Au(80.15 wgt%),Σ=100.00,17.2 g/cc]	Pure gold	Gold	Copper	52.5	15	Au L3-M5	0.74	0.748937
[Cu(19.85 wgt%),Au(80.15 wgt%),Σ=100.00,17.2 g/cc]	Pure gold	Gold	Copper	52.5	20	Au L3-M5	0.752	0.74864
[Cu(19.85 wgt%),Au(80.15 wgt%),Σ=100.00,17.2 g/cc]	Pure gold	Gold	Copper	52.5	25	Au L3-M5	0.745	0.771657
[Cu(19.85 wgt%),Au(80.15 wgt%),Σ=100.00,17.2 g/cc]	Pure gold	Gold	Copper	52.5	30	Au L3-M5	0.754	0.759121
[Cu(19.85 wgt%),Au(80.15 wgt%),Σ=100.00,17.2 g/cc]	Pure gold	Gold	Copper	52.5	35	Au L3-M5	0.758	0.770232
[Cu(19.85 wgt%),Au(80.15 wgt%),Σ=100.00,17.2 g/cc]	Pure gold	Gold	Copper	52.5	40	Au L3-M5	0.751	0.762136
[Cu(79.88 wgt%),Au(20.12 wgt%),Σ=100.00,11 g/cc]	Pure gold	Gold	Copper	52.5	10	Au M5-N7	0.154	0.153227
[Cu(79.88 wgt%),Au(20.12 wgt%),Σ=100.00,11 g/cc]	Pure gold	Gold	Copper	52.5	20	Au M5-N7	0.14	0.141252
[Cu(79.88 wgt%),Au(20.12 wgt%),Σ=100.00,11 g/cc]	Pure gold	Gold	Copper	52.5	30	Au M5-N7	0.122	0.128399
[Cu(79.88 wgt%),Au(20.12 wgt%),Σ=100.00,11 g/cc]	Pure gold	Gold	Copper	52.5	40	Au M5-N7	0.11	0.11225
[Cu(59.90 wgt%),Au(40.10 wgt%),Σ=100.00,13.1 g/cc]	Pure gold	Gold	Copper	52.5	10	Au M5-N7	0.332	0.325198
[Cu(59.90 wgt%),Au(40.10 wgt%),Σ=100.00,13.1 g/cc]	Pure gold	Gold	Copper	52.5	20	Au M5-N7	0.304	0.303424
[Cu(59.90 wgt%),Au(40.10 wgt%),Σ=100.00,13.1 g/cc]	Pure gold	Gold	Copper	52.5	30	Au M5-N7	0.275	0.291233
[Cu(59.90 wgt%),Au(40.10 wgt%),Σ=100.00,13.1 g/cc]	Pure gold	Gold	Copper	52.5	40	Au M5-N7	0.253	0.257317
[Cu(39.64 wgt%),Au(60.36 wgt%),Σ=100.00,15.2 g/cc]	Pure gold	Gold	Copper	52.5	10	Au M5-N7	0.531	0.524692
[Cu(39.64 wgt%),Au(60.36 wgt%),Σ=100.00,15.2 g/cc]	Pure gold	Gold	Copper	52.5	20	Au M5-N7	0.5	0.503767
[Cu(39.64 wgt%),Au(60.36 wgt%),Σ=100.00,15.2 g/cc]	Pure gold	Gold	Copper	52.5	30	Au M5-N7	0.462	0.486417
[Cu(39.64 wgt%),Au(60.36 wgt%),Σ=100.00,15.2 g/cc]	Pure gold	Gold	Copper	52.5	40	Au M5-N7	0.428	0.451811
[Cu(19.85 wgt%),Au(80.15 wgt%),Σ=100.00,17.2 g/cc]	Pure gold	Gold	Copper	52.5	10	Au M5-N7	0.749	0.747079
[Cu(19.85 wgt%),Au(80.15 wgt%),Σ=100.00,17.2 g/cc]	Pure gold	Gold	Copper	52.5	20	Au M5-N7	0.728	0.725033
[Cu(19.85 wgt%),Au(80.15 wgt%),Σ=100.00,17.2 g/cc]	Pure gold	Gold	Copper	52.5	30	Au M5-N7	0.704	0.714756
[Cu(19.85 wgt%),Au(80.15 wgt%),Σ=100.00,17.2 g/cc]	Pure gold	Gold	Copper	52.5	40	Au M5-N7	0.675	0.696297
[Sb(62.55 wgt%),Bi(37.45 wgt%),Σ=100.00,7.8 g/cc]	Pure antimony	Antimony	Bismuth	52.5	10	Sb L3-M5	0.6255	0.634611
[Sb(62.55 wgt%),Bi(37.45 wgt%),Σ=100.00,7.8 g/cc]	Pure antimony	Antimony	Bismuth	52.5	15	Sb L3-M5	0.5908	0.601004
[Sb(62.55 wgt%),Bi(37.45 wgt%),Σ=100.00,7.8 g/cc]	Pure antimony	Antimony	Bismuth	52.5	20	Sb L3-M5	0.5567	0.566386
[Sb(62.55 wgt%),Bi(37.45 wgt%),Σ=100.00,7.8 g/cc]	Pure antimony	Antimony	Bismuth	52.5	25	Sb L3-M5	0.5268	0.538954
[Sb(62.55 wgt%),Bi(37.45 wgt%),Σ=100.00,7.8 g/cc]	Pure antimony	Antimony	Bismuth	52.5	30	Sb L3-M5	0.499	0.513783
[Sb(53.44 wgt%),Bi(46.56 wgt%),Σ=100.00,8.1 g/cc]	Pure antimony	Antimony	Bismuth	52.5	10	Sb L3-M5	0.5344	0.538834
[Sb(53.44 wgt%),Bi(46.56 wgt%),Σ=100.00,8.1 g/cc]	Pure antimony	Antimony	Bismuth	52.5	15	Sb L3-M5	0.498	0.506725
[Sb(53.44 wgt%),Bi(46.56 wgt%),Σ=100.00,8.1 g/cc]	Pure antimony	Antimony	Bismuth	52.5	20	Sb L3-M5	0.4632	0.476505
[Sb(53.44 wgt%),Bi(46.56 wgt%),Σ=100.00,8.1 g/cc]	Pure antimony	Antimony	Bismuth	52.5	25	Sb L3-M5	0.4335	0.445613
[Sb(53.44 wgt%),Bi(46.56 wgt%),Σ=100.00,8.1 g/cc]	Pure antimony	Antimony	Bismuth	52.5	30	Sb L3-M5	0.4063	0.42089
[Sb(46.02 wgt%),Bi(53.98 wgt%),Σ=100.00,8.3 g/cc]	Pure antimony	Antimony	Bismuth	52.5	10	Sb L3-M5	0.4602	0.469455
[Sb(46.02 wgt%),Bi(53.98 wgt%),Σ=100.00,8.3 g/cc]	Pure antimony	Antimony	Bismuth	52.5	15	Sb L3-M5	0.4242	0.434631
[Sb(46.02 wgt%),Bi(53.98 wgt%),Σ=100.00,8.3 g/cc]	Pure antimony	Antimony	Bismuth	52.5	20	Sb L3-M5	0.3906	0.40113
[Sb(46.02 wgt%),Bi(53.98 wgt%),Σ=100.00,8.3 g/cc]	Pure antimony	Antimony	Bismuth	52.5	25	Sb L3-M5	0.3624	0.375707
[Sb(46.02 wgt%),Bi(53.98 wgt%),Σ=100.00,8.3 g/cc]	Pure antimony	Antimony	Bismuth	52.5	30	Sb L3-M5	0.337	0.349079
[Sb(31.30 wgt%),Bi(68.70 wgt%),Σ=100.00,8.8 g/cc]	Pure antimony	Antimony	Bismuth	52.5	10	Sb L3-M5	0.313	0.320055
[Sb(31.30 wgt%),Bi(68.70 wgt%),Σ=100.00,8.8 g/cc]	Pure antimony	Antimony	Bismuth	52.5	15	Sb L3-M5	0.2825	0.290159
[Sb(31.30 wgt%),Bi(68.70 wgt%),Σ=100.00,8.8 g/cc]	Pure antimony	Antimony	Bismuth	52.5	20	Sb L3-M5	0.2552	0.263927
[Sb(31.30 wgt%),Bi(68.70 wgt%),Σ=100.00,8.8 g/cc]	Pure antimony	Antimony	Bismuth	52.5	25	Sb L3-M5	0.233	0.240774
[Sb(31.30 wgt%),Bi(68.70 wgt%),Σ=100.00,8.8 g/cc]	Pure antimony	Antimony	Bismuth	52.5	30	Sb L3-M5	0.2136	0.222789
[Sb(16.64 wgt%),Bi(83.36 wgt%),Σ=100.00,9.3 g/cc]	Pure antimony	Antimony	Bismuth	52.5	10	Sb L3-M5	0.1664	0.17122
[Sb(16.64 wgt%),Bi(83.36 wgt%),Σ=100.00,9.3 g/cc]	Pure antimony	Antimony	Bismuth	52.5	15	Sb L3-M5	0.1471	0.153809
[Sb(16.64 wgt%),Bi(83.36 wgt%),Σ=100.00,9.3 g/cc]	Pure antimony	Antimony	Bismuth	52.5	20	Sb L3-M5	0.1305	0.135046
[Sb(16.64 wgt%),Bi(83.36 wgt%),Σ=100.00,9.3 g/cc]	Pure antimony	Antimony	Bismuth	52.5	25	Sb L3-M5	0.1174	0.122736
[Sb(16.64 wgt%),Bi(83.36 wgt%),Σ=100.00,9.3 g/cc]	Pure antimony	Antimony	Bismuth	52.5	30	Sb L3-M5	0.1064	0.110796
[Sb(10.58 wgt%),Bi(89.42 wgt%),Σ=100.00,9.4 g/cc]	Pure antimony	Antimony	Bismuth	52.5	10	Sb L3-M5	0.1058	0.109478
[Sb(10.58 wgt%),Bi(89.42 wgt%),Σ=100.00,9.4 g/cc]	Pure antimony	Antimony	Bismuth	52.5	15	Sb L3-M5	0.0928	0.096241
[Sb(10.58 wgt%),Bi(89.42 wgt%),Σ=100.00,9.4 g/cc]	Pure antimony	Antimony	Bismuth	52.5	20	Sb L3-M5	0.0817	0.086035
[Sb(10.58 wgt%),Bi(89.42 wgt%),Σ=100.00,9.4 g/cc]	Pure antimony	Antimony	Bismuth	52.5	25	Sb L3-M5	0.0731	0.076437
[Sb(10.58 wgt%),Bi(89.42 wgt%),Σ=100.00,9.4 g/cc]	Pure antimony	Antimony	Bismuth	52.5	30	Sb L3-M5	0.0659	0.068556
[Sb(5.02 wgt%),Bi(94.98 wgt%),Σ=100.00,9.6 g/cc]	Pure antimony	Antimony	Bismuth	52.5	10	Sb L3-M5	0.0502	0.051825
[Sb(5.02 wgt%),Bi(94.98 wgt%),Σ=100.00,9.6 g/cc]	Pure antimony	Antimony	Bismuth	52.5	15	Sb L3-M5	0.0437	0.045412
[Sb(5.02 wgt%),Bi(94.98 wgt%),Σ=100.00,9.6 g/cc]	Pure antimony	Antimony	Bismuth	52.5	20	Sb L3-M5	0.0382	0.040087
[Sb(5.02 wgt%),Bi(94.98 wgt%),Σ=100.00,9.6 g/cc]	Pure antimony	Antimony	Bismuth	52.5	25	Sb L3-M5	0.034	0.03546
[Sb(5.02 wgt%),Bi(94.98 wgt%),Σ=100.00,9.6 g/cc]	Pure antimony	Antimony	Bismuth	52.5	30	Sb L3-M5	0.0306	0.031785
[Sb(2.77 wgt%),Bi(97.23 wgt%),Σ=100.00,9.7 g/cc]	Pure antimony	Antimony	Bismuth	52.5	10	Sb L3-M5	0.0277	0.028653
[Sb(2.77 wgt%),Bi(97.23 wgt%),Σ=100.00,9.7 g/cc]	Pure antimony	Antimony	Bismuth	52.5	15	Sb L3-M5	0.024	0.025076
[Sb(2.77 wgt%),Bi(97.23 wgt%),Σ=100.00,9.7 g/cc]	Pure antimony	Antimony	Bismuth	52.5	20	Sb L3-M5	0.021	0.021963
[C(9.16 wgt%),U(90.84 wgt%),Σ=100.00,17.2 g/cc]	Pure uranium	Uranium	Carbon	52.5	10	U M4-N6	0.8493	0.830572
[C(9.16 wgt%),U(90.84 wgt%),Σ=100.00,17.2 g/cc]	Pure uranium	Uranium	Carbon	52.5	15	U M4-N6	0.8588	0.861355
[C(9.16 wgt%),U(90.84 wgt%),Σ=100.00,17.2 g/cc]	Pure uranium	Uranium	Carbon	52.5	20	U M4-N6	0.8648	0.872015
[C(9.16 wgt%),U(90.84 wgt%),Σ=100.00,17.2 g/cc]	Pure uranium	Uranium	Carbon	52.5	25	U M4-N6	0.8709	0.880333
[C(9.16 wgt%),U(90.84 wgt%),Σ=100.00,17.2 g/cc]	Pure uranium	Uranium	Carbon	52.5	30	U M4-N6	0.8747	0.896658
[C(9.16 wgt%),U(90.84 wgt%),Σ=100.00,17.2 g/cc]	Pure uranium	Uranium	Carbon	52.5	35	U M4-N6	0.8746	0.901027
[N(5.56 wgt%),U(94.44 wgt%),Σ=100.00,17.7 g/cc]	Pure uranium	Uranium	Nitrogen	52.5	10	U M4-N6	0.9061	0.896353
[N(5.56 wgt%),U(94.44 wgt%),Σ=100.00,17.7 g/cc]	Pure uranium	Uranium	Nitrogen	62.6	15	U M4-N6	0.9129	0.910992
[N(5.56 wgt%),U(94.44 wgt%),Σ=100.00,17.7 g/cc]	Pure uranium	Uranium	Nitrogen	52.5	20	U M4-N6	0.9179	0.912573
[N(5.56 wgt%),U(94.44 wgt%),Σ=100.00,17.7 g/cc]	Pure uranium	Uranium	Nitrogen	52.5	25	U M4-N6	0.9218	0.927561
[N(5.56 wgt%),U(94.44 wgt%),Σ=100.00,17.7 g/cc]	Pure uranium	Uranium	Nitrogen	52.5	30	U M4-N6	0.9243	0.929554
[N(5.56 wgt%),U(94.44 wgt%),Σ=100.00,17.7 g/cc]	Pure uranium	Uranium	Nitrogen	52.5	35	U M4-N6	0.9259	0.926729
[Si(3.78 wgt%),U(96.22 wgt%),Σ=100.00,18.1 g/cc]	Pure uranium	Uranium	Silicon	52.5	10	U M4-N6	0.9395	0.937745
[Si(3.78 wgt%),U(96.22 wgt%),Σ=100.00,18.1 g/cc]	Pure uranium	Uranium	Silicon	52.5	15	U M4-N6	0.9433	0.948283
[Si(3.78 wgt%),U(96.22 wgt%),Σ=100.00,18.1 g/cc]	Pure uranium	Uranium	Silicon	52.5	20	U M4-N6	0.9471	0.952529
[Si(3.78 wgt%),U(96.22 wgt%),Σ=100.00,18.1 g/cc]	Pure uranium	Uranium	Silicon	52.5	25	U M4-N6	0.9493	0.950078
[Si(3.78 wgt%),U(96.22 wgt%),Σ=100.00,18.1 g/cc]	Pure uranium	Uranium	Silicon	52.5	30	U M4-N6	0.9507	0.951444
[Si(3.78 wgt%),U(96.22 wgt%),Σ=100.00,18.1 g/cc]	Pure uranium	Uranium	Silicon	52.5	35	U M4-N6	0.9521	0.940401
[P(11.51 wgt%),U(88.49 wgt%),Σ=100.00,16.8 g/cc]	Pure uranium	Uranium	Phosphorus	52.5	10	U M4-N6	0.8242	0.816689
[P(11.51 wgt%),U(88.49 wgt%),Σ=100.00,16.8 g/cc]	Pure uranium	Uranium	Phosphorus	52.5	15	U M4-N6	0.8349	0.824654
[P(11.51 wgt%),U(88.49 wgt%),Σ=100.00,16.8 g/cc]	Pure uranium	Uranium	Phosphorus	52.5	20	U M4-N6	0.8432	0.832784
[P(11.51 wgt%),U(88.49 wgt%),Σ=100.00,16.8 g/cc]	Pure uranium	Uranium	Phosphorus	52.5	25	U M4-N6	0.8506	0.84455
[P(11.51 wgt%),U(88.49 wgt%),Σ=100.00,16.8 g/cc]	Pure uranium	Uranium	Phosphorus	52.5	30	U M4-N6	0.8544	0.839341
[P(11.51 wgt%),U(88.49 wgt%),Σ=100.00,16.8 g/cc]	Pure uranium	Uranium	Phosphorus	52.5	35	U M4-N6	0.8592	0.841948
[S(11.87 wgt%),U(88.13 wgt%),Σ